{"_step":1,"train/grad_norm":7669.47265625,"train/epoch":0.019994001799460162,"train/learning_rate":3.3322225924691773e-07,"_wandb":{"runtime":1528},"_runtime":1519.7276023,"_timestamp":1.7405808830119154e+09,"train/loss":27.2585,"train/global_step":200}